{"v":"5.7.0","fr":40,"ip":0,"op":332,"w":300,"h":300,"nm":"Chat","ddd":0,"assets":[{"id":"comp_0","layers":[{"ddd":0,"ind":1,"ty":4,"nm":"DOT-04","sr":1,"ks":{"o":{"a":0,"k":100,"ix":11},"r":{"a":0,"k":0,"ix":10},"p":{"s":true,"x":{"a":0,"k":580,"ix":3},"y":{"a":1,"k":[{"i":{"x":[0.667],"y":[1]},"o":{"x":[0.333],"y":[0]},"t":-60,"s":[380]},{"i":{"x":[0.667],"y":[1]},"o":{"x":[0.333],"y":[0]},"t":0,"s":[420]},{"i":{"x":[0.667],"y":[1]},"o":{"x":[0.333],"y":[0]},"t":60,"s":[380]},{"i":{"x":[0.667],"y":[1]},"o":{"x":[0.333],"y":[0]},"t":120,"s":[420]},{"i":{"x":[0.667],"y":[1]},"o":{"x":[0.333],"y":[0]},"t":180,"s":[380]},{"i":{"x":[0.667],"y":[1]},"o":{"x":[0.333],"y":[0]},"t":240,"s":[420]},{"i":{"x":[0.667],"y":[1]},"o":{"x":[0.333],"y":[0]},"t":300,"s":[380]},{"i":{"x":[0.667],"y":[1]},"o":{"x":[0.333],"y":[0]},"t":360,"s":[420]},{"i":{"x":[0.833],"y":[1]},"o":{"x":[0.333],"y":[0]},"t":420,"s":[380]},{"i":{"x":[0.667],"y":[1]},"o":{"x":[0.333],"y":[0]},"t":480,"s":[380]},{"i":{"x":[0.667],"y":[1]},"o":{"x":[0.333],"y":[0]},"t":540,"s":[420]},{"i":{"x":[0.667],"y":[1]},"o":{"x":[0.333],"y":[0]},"t":600,"s":[380]},{"i":{"x":[0.667],"y":[1]},"o":{"x":[0.333],"y":[0]},"t":660,"s":[420]},{"i":{"x":[0.667],"y":[1]},"o":{"x":[0.333],"y":[0]},"t":720,"s":[380]},{"i":{"x":[0.667],"y":[1]},"o":{"x":[0.333],"y":[0]},"t":780,"s":[420]},{"i":{"x":[0.667],"y":[1]},"o":{"x":[0.333],"y":[0]},"t":840,"s":[380]},{"i":{"x":[0.667],"y":[1]},"o":{"x":[0.333],"y":[0]},"t":900,"s":[420]},{"i":{"x":[0.667],"y":[1]},"o":{"x":[0.333],"y":[0]},"t":960,"s":[380]},{"t":1020,"s":[420]}],"ix":4}},"a":{"a":0,"k":[0,0,0],"ix":1},"s":{"a":0,"k":[100,100,100],"ix":6}},"ao":0,"shapes":[{"ty":"gr","it":[{"d":1,"ty":"el","s":{"a":0,"k":[80,80],"ix":2},"p":{"a":0,"k":[0,0],"ix":3},"nm":"Ellipse Path 1","mn":"ADBE Vector Shape - Ellipse","hd":false},{"ty":"fl","c":{"a":0,"k":[1,1,1,1],"ix":4},"o":{"a":0,"k":100,"ix":5},"r":1,"bm":0,"nm":"Fill 1","mn":"ADBE Vector Graphic - Fill","hd":false},{"ty":"tr","p":{"a":0,"k":[0,0],"ix":2},"a":{"a":0,"k":[0,0],"ix":1},"s":{"a":0,"k":[100,100],"ix":3},"r":{"a":0,"k":0,"ix":6},"o":{"a":0,"k":100,"ix":7},"sk":{"a":0,"k":0,"ix":4},"sa":{"a":0,"k":0,"ix":5},"nm":"Transform"}],"nm":"Ellipse 1","np":3,"cix":2,"bm":0,"ix":1,"mn":"ADBE Vector Group","hd":false}],"ip":0,"op":1828,"st":-60,"bm":0},{"ddd":0,"ind":2,"ty":4,"nm":"DOT-03","sr":1,"ks":{"o":{"a":0,"k":100,"ix":11},"r":{"a":0,"k":0,"ix":10},"p":{"s":true,"x":{"a":0,"k":460,"ix":3},"y":{"a":1,"k":[{"i":{"x":[0.667],"y":[1]},"o":{"x":[0.333],"y":[0]},"t":-40,"s":[380]},{"i":{"x":[0.667],"y":[1]},"o":{"x":[0.333],"y":[0]},"t":20,"s":[420]},{"i":{"x":[0.667],"y":[1]},"o":{"x":[0.333],"y":[0]},"t":80,"s":[380]},{"i":{"x":[0.667],"y":[1]},"o":{"x":[0.333],"y":[0]},"t":140,"s":[420]},{"i":{"x":[0.667],"y":[1]},"o":{"x":[0.333],"y":[0]},"t":200,"s":[380]},{"i":{"x":[0.667],"y":[1]},"o":{"x":[0.333],"y":[0]},"t":260,"s":[420]},{"i":{"x":[0.667],"y":[1]},"o":{"x":[0.333],"y":[0]},"t":320,"s":[380]},{"i":{"x":[0.667],"y":[1]},"o":{"x":[0.333],"y":[0]},"t":380,"s":[420]},{"i":{"x":[0.833],"y":[1]},"o":{"x":[0.333],"y":[0]},"t":440,"s":[380]},{"i":{"x":[0.667],"y":[1]},"o":{"x":[0.333],"y":[0]},"t":500,"s":[380]},{"i":{"x":[0.667],"y":[1]},"o":{"x":[0.333],"y":[0]},"t":560,"s":[420]},{"i":{"x":[0.667],"y":[1]},"o":{"x":[0.333],"y":[0]},"t":620,"s":[380]},{"i":{"x":[0.667],"y":[1]},"o":{"x":[0.333],"y":[0]},"t":680,"s":[420]},{"i":{"x":[0.667],"y":[1]},"o":{"x":[0.333],"y":[0]},"t":740,"s":[380]},{"i":{"x":[0.667],"y":[1]},"o":{"x":[0.333],"y":[0]},"t":800,"s":[420]},{"i":{"x":[0.667],"y":[1]},"o":{"x":[0.333],"y":[0]},"t":860,"s":[380]},{"i":{"x":[0.667],"y":[1]},"o":{"x":[0.333],"y":[0]},"t":920,"s":[420]},{"i":{"x":[0.667],"y":[1]},"o":{"x":[0.333],"y":[0]},"t":980,"s":[380]},{"t":1040,"s":[420]}],"ix":4}},"a":{"a":0,"k":[0,0,0],"ix":1},"s":{"a":0,"k":[100,100,100],"ix":6}},"ao":0,"shapes":[{"ty":"gr","it":[{"d":1,"ty":"el","s":{"a":0,"k":[80,80],"ix":2},"p":{"a":0,"k":[0,0],"ix":3},"nm":"Ellipse Path 1","mn":"ADBE Vector Shape - Ellipse","hd":false},{"ty":"fl","c":{"a":0,"k":[1,1,1,1],"ix":4},"o":{"a":0,"k":100,"ix":5},"r":1,"bm":0,"nm":"Fill 1","mn":"ADBE Vector Graphic - Fill","hd":false},{"ty":"tr","p":{"a":0,"k":[0,0],"ix":2},"a":{"a":0,"k":[0,0],"ix":1},"s":{"a":0,"k":[100,100],"ix":3},"r":{"a":0,"k":0,"ix":6},"o":{"a":0,"k":100,"ix":7},"sk":{"a":0,"k":0,"ix":4},"sa":{"a":0,"k":0,"ix":5},"nm":"Transform"}],"nm":"Ellipse 1","np":3,"cix":2,"bm":0,"ix":1,"mn":"ADBE Vector Group","hd":false}],"ip":0,"op":1828,"st":-40,"bm":0},{"ddd":0,"ind":3,"ty":4,"nm":"DOT-02","sr":1,"ks":{"o":{"a":0,"k":100,"ix":11},"r":{"a":0,"k":0,"ix":10},"p":{"s":true,"x":{"a":0,"k":340,"ix":3},"y":{"a":1,"k":[{"i":{"x":[0.667],"y":[1]},"o":{"x":[0.333],"y":[0]},"t":-20,"s":[380]},{"i":{"x":[0.667],"y":[1]},"o":{"x":[0.333],"y":[0]},"t":40,"s":[420]},{"i":{"x":[0.667],"y":[1]},"o":{"x":[0.333],"y":[0]},"t":100,"s":[380]},{"i":{"x":[0.667],"y":[1]},"o":{"x":[0.333],"y":[0]},"t":160,"s":[420]},{"i":{"x":[0.667],"y":[1]},"o":{"x":[0.333],"y":[0]},"t":220,"s":[380]},{"i":{"x":[0.667],"y":[1]},"o":{"x":[0.333],"y":[0]},"t":280,"s":[420]},{"i":{"x":[0.667],"y":[1]},"o":{"x":[0.333],"y":[0]},"t":340,"s":[380]},{"i":{"x":[0.667],"y":[1]},"o":{"x":[0.333],"y":[0]},"t":400,"s":[420]},{"i":{"x":[0.833],"y":[1]},"o":{"x":[0.333],"y":[0]},"t":460,"s":[380]},{"i":{"x":[0.667],"y":[1]},"o":{"x":[0.333],"y":[0]},"t":520,"s":[380]},{"i":{"x":[0.667],"y":[1]},"o":{"x":[0.333],"y":[0]},"t":580,"s":[420]},{"i":{"x":[0.667],"y":[1]},"o":{"x":[0.333],"y":[0]},"t":640,"s":[380]},{"i":{"x":[0.667],"y":[1]},"o":{"x":[0.333],"y":[0]},"t":700,"s":[420]},{"i":{"x":[0.667],"y":[1]},"o":{"x":[0.333],"y":[0]},"t":760,"s":[380]},{"i":{"x":[0.667],"y":[1]},"o":{"x":[0.333],"y":[0]},"t":820,"s":[420]},{"i":{"x":[0.667],"y":[1]},"o":{"x":[0.333],"y":[0]},"t":880,"s":[380]},{"i":{"x":[0.667],"y":[1]},"o":{"x":[0.333],"y":[0]},"t":940,"s":[420]},{"i":{"x":[0.667],"y":[1]},"o":{"x":[0.333],"y":[0]},"t":1000,"s":[380]},{"t":1060,"s":[420]}],"ix":4}},"a":{"a":0,"k":[0,0,0],"ix":1},"s":{"a":0,"k":[100,100,100],"ix":6}},"ao":0,"shapes":[{"ty":"gr","it":[{"d":1,"ty":"el","s":{"a":0,"k":[80,80],"ix":2},"p":{"a":0,"k":[0,0],"ix":3},"nm":"Ellipse Path 1","mn":"ADBE Vector Shape - Ellipse","hd":false},{"ty":"fl","c":{"a":0,"k":[1,1,1,1],"ix":4},"o":{"a":0,"k":100,"ix":5},"r":1,"bm":0,"nm":"Fill 1","mn":"ADBE Vector Graphic - Fill","hd":false},{"ty":"tr","p":{"a":0,"k":[0,0],"ix":2},"a":{"a":0,"k":[0,0],"ix":1},"s":{"a":0,"k":[100,100],"ix":3},"r":{"a":0,"k":0,"ix":6},"o":{"a":0,"k":100,"ix":7},"sk":{"a":0,"k":0,"ix":4},"sa":{"a":0,"k":0,"ix":5},"nm":"Transform"}],"nm":"Ellipse 1","np":3,"cix":2,"bm":0,"ix":1,"mn":"ADBE Vector Group","hd":false}],"ip":0,"op":1828,"st":-20,"bm":0},{"ddd":0,"ind":4,"ty":4,"nm":"DOT-01","sr":1,"ks":{"o":{"a":0,"k":100,"ix":11},"r":{"a":0,"k":0,"ix":10},"p":{"s":true,"x":{"a":0,"k":220,"ix":3},"y":{"a":1,"k":[{"i":{"x":[0.667],"y":[1]},"o":{"x":[0.333],"y":[0]},"t":0,"s":[380]},{"i":{"x":[0.667],"y":[1]},"o":{"x":[0.333],"y":[0]},"t":60,"s":[420]},{"i":{"x":[0.667],"y":[1]},"o":{"x":[0.333],"y":[0]},"t":120,"s":[380]},{"i":{"x":[0.667],"y":[1]},"o":{"x":[0.333],"y":[0]},"t":180,"s":[420]},{"i":{"x":[0.667],"y":[1]},"o":{"x":[0.333],"y":[0]},"t":240,"s":[380]},{"i":{"x":[0.667],"y":[1]},"o":{"x":[0.333],"y":[0]},"t":300,"s":[420]},{"i":{"x":[0.667],"y":[1]},"o":{"x":[0.333],"y":[0]},"t":360,"s":[380]},{"i":{"x":[0.667],"y":[1]},"o":{"x":[0.333],"y":[0]},"t":420,"s":[420]},{"i":{"x":[0.667],"y":[1]},"o":{"x":[0.333],"y":[0]},"t":480,"s":[380]},{"i":{"x":[0.667],"y":[1]},"o":{"x":[0.333],"y":[0]},"t":540,"s":[380]},{"i":{"x":[0.667],"y":[1]},"o":{"x":[0.333],"y":[0]},"t":600,"s":[420]},{"i":{"x":[0.667],"y":[1]},"o":{"x":[0.333],"y":[0]},"t":660,"s":[380]},{"i":{"x":[0.667],"y":[1]},"o":{"x":[0.333],"y":[0]},"t":720,"s":[420]},{"i":{"x":[0.667],"y":[1]},"o":{"x":[0.333],"y":[0]},"t":780,"s":[380]},{"i":{"x":[0.667],"y":[1]},"o":{"x":[0.333],"y":[0]},"t":840,"s":[420]},{"i":{"x":[0.667],"y":[1]},"o":{"x":[0.333],"y":[0]},"t":900,"s":[380]},{"i":{"x":[0.667],"y":[1]},"o":{"x":[0.333],"y":[0]},"t":960,"s":[420]},{"i":{"x":[0.667],"y":[1]},"o":{"x":[0.333],"y":[0]},"t":1020,"s":[380]},{"t":1080,"s":[420]}],"ix":4}},"a":{"a":0,"k":[0,0,0],"ix":1},"s":{"a":0,"k":[100,100,100],"ix":6}},"ao":0,"shapes":[{"ty":"gr","it":[{"d":1,"ty":"el","s":{"a":0,"k":[80,80],"ix":2},"p":{"a":0,"k":[0,0],"ix":3},"nm":"Ellipse Path 1","mn":"ADBE Vector Shape - Ellipse","hd":false},{"ty":"fl","c":{"a":0,"k":[1,1,1,1],"ix":4},"o":{"a":0,"k":100,"ix":5},"r":1,"bm":0,"nm":"Fill 1","mn":"ADBE Vector Graphic - Fill","hd":false},{"ty":"tr","p":{"a":0,"k":[0,0],"ix":2},"a":{"a":0,"k":[0,0],"ix":1},"s":{"a":0,"k":[100,100],"ix":3},"r":{"a":0,"k":0,"ix":6},"o":{"a":0,"k":100,"ix":7},"sk":{"a":0,"k":0,"ix":4},"sa":{"a":0,"k":0,"ix":5},"nm":"Transform"}],"nm":"Ellipse 1","np":3,"cix":2,"bm":0,"ix":1,"mn":"ADBE Vector Group","hd":false}],"ip":0,"op":1828,"st":0,"bm":0}]}],"layers":[{"ddd":0,"ind":1,"ty":0,"nm":"Hovering Dots","parent":6,"refId":"comp_0","sr":0.5,"ks":{"o":{"a":0,"k":100,"ix":11},"r":{"a":0,"k":0,"ix":10},"p":{"a":0,"k":[75.078,-24.852,0],"ix":2},"a":{"a":0,"k":[400,400,0],"ix":1},"s":{"a":0,"k":[30,30,100],"ix":6}},"ao":0,"w":800,"h":800,"ip":219,"op":408,"st":0,"bm":0},{"ddd":0,"ind":2,"ty":0,"nm":"Hovering Dots","parent":6,"refId":"comp_0","sr":0.5,"ks":{"o":{"a":0,"k":100,"ix":11},"r":{"a":0,"k":0,"ix":10},"p":{"a":0,"k":[75.078,-24.852,0],"ix":2},"a":{"a":0,"k":[400,400,0],"ix":1},"s":{"a":0,"k":[30,30,100],"ix":6}},"ao":0,"w":800,"h":800,"ip":0,"op":131,"st":0,"bm":0},{"ddd":0,"ind":3,"ty":0,"nm":"Hovering Dots","parent":9,"refId":"comp_0","sr":0.5,"ks":{"o":{"a":0,"k":100,"ix":11},"r":{"a":0,"k":0,"ix":10},"p":{"a":0,"k":[75.078,-24.852,0],"ix":2},"a":{"a":0,"k":[400,400,0],"ix":1},"s":{"a":0,"k":[30,30,100],"ix":6}},"ao":0,"w":800,"h":800,"ip":130,"op":220,"st":0,"bm":0},{"ddd":0,"ind":4,"ty":4,"nm":"blue 2","sr":1,"ks":{"o":{"a":0,"k":100,"ix":11},"r":{"a":1,"k":[{"i":{"x":[0.326],"y":[1]},"o":{"x":[0.333],"y":[0]},"t":80,"s":[0]},{"i":{"x":[0.667],"y":[1]},"o":{"x":[0.645],"y":[0]},"t":130,"s":[15]},{"i":{"x":[0.833],"y":[1]},"o":{"x":[0.333],"y":[0]},"t":180,"s":[0]},{"i":{"x":[0.667],"y":[1]},"o":{"x":[0.167],"y":[0]},"t":220,"s":[12]},{"t":270,"s":[0]}],"ix":10},"p":{"a":1,"k":[{"i":{"x":0.667,"y":0.667},"o":{"x":0.333,"y":0.333},"t":130,"s":[272.9196,248.7462,0],"to":[0,0,0],"ti":[0,0,0]},{"i":{"x":0.667,"y":1},"o":{"x":0.333,"y":0},"t":180,"s":[272.9196,248.7462,0],"to":[1.667,-10.333,0],"ti":[0,0,0]},{"i":{"x":0.667,"y":1},"o":{"x":0.333,"y":0},"t":220,"s":[278.91959999999995,211.5462,0],"to":[0,0,0],"ti":[1.667,-10.333,0]},{"t":270,"s":[272.9196,248.7462,0]}],"ix":2},"a":{"a":0,"k":[199.902,112.295,0],"ix":1},"s":{"a":1,"k":[{"i":{"x":[0.37,0.37,0.667],"y":[1,1,1]},"o":{"x":[0.333,0.333,0.333],"y":[0,0,0]},"t":1,"s":[60,60,100]},{"i":{"x":[0.667,0.667,0.667],"y":[1,1,1]},"o":{"x":[0.627,0.627,0.333],"y":[0,0,0]},"t":39,"s":[48,48,100]},{"i":{"x":[0.667,0.667,0.667],"y":[1,1,1]},"o":{"x":[0.333,0.333,0.333],"y":[0,0,0]},"t":80,"s":[60,60,100]},{"i":{"x":[0.833,0.833,0.833],"y":[1,1,1]},"o":{"x":[0.333,0.333,0.333],"y":[0,0,0]},"t":180,"s":[60,60,100]},{"i":{"x":[0.833,0.833,0.833],"y":[1,1,1]},"o":{"x":[0.167,0.167,0.167],"y":[0,0,0]},"t":220,"s":[48,48,100]},{"t":270,"s":[60,60,100]}],"ix":6}},"ao":0,"shapes":[{"ty":"gr","it":[{"ind":0,"ty":"sh","ix":1,"ks":{"a":0,"k":{"i":[[0,-68.932],[3.776,-11.889],[2.924,-5.809],[10.785,-10.088],[0,0],[0,0],[11.327,0],[0,68.932],[-42.657,19.847],[-1.666,0.677],[-16.866,0]],"o":[[0,13.148],[-1.975,6.273],[-6.661,13.321],[0,0],[0,0],[-10.417,2.827],[-68.932,0],[0,-50.15],[1.626,-0.755],[14.676,-6.08],[68.951,0]],"v":[[199.902,-37.167],[194.093,0.533],[186.715,18.656],[160.266,54.032],[166.946,112.295],[107.773,83.309],[75.069,87.666],[-49.745,-37.167],[22.479,-150.402],[27.436,-152.57],[75.069,-162]],"c":true},"ix":2},"nm":"Path 1","mn":"ADBE Vector Shape - Group","hd":false},{"ty":"fl","c":{"a":0,"k":[1,0.6039215686274509,0.26666666666666666,1],"ix":4},"o":{"a":0,"k":100,"ix":5},"r":1,"bm":0,"nm":"Fill 1","mn":"ADBE Vector Graphic - Fill","hd":false},{"ty":"tr","p":{"a":0,"k":[0,0],"ix":2},"a":{"a":0,"k":[0,0],"ix":1},"s":{"a":0,"k":[100,100],"ix":3},"r":{"a":0,"k":0,"ix":6},"o":{"a":0,"k":100,"ix":7},"sk":{"a":0,"k":0,"ix":4},"sa":{"a":0,"k":0,"ix":5},"nm":"Transform"}],"nm":"Group 1","np":2,"cix":2,"bm":0,"ix":1,"mn":"ADBE Vector Group","hd":false}],"ip":130,"op":220,"st":0,"bm":0},{"ddd":0,"ind":5,"ty":4,"nm":"green 3","sr":1,"ks":{"o":{"a":0,"k":100,"ix":11},"r":{"a":1,"k":[{"i":{"x":[0.326],"y":[1]},"o":{"x":[0.333],"y":[0]},"t":80,"s":[0]},{"i":{"x":[0.667],"y":[1]},"o":{"x":[0.645],"y":[0]},"t":130,"s":[-17]},{"i":{"x":[0.833],"y":[1]},"o":{"x":[0.333],"y":[0]},"t":180,"s":[0]},{"i":{"x":[0.667],"y":[1]},"o":{"x":[0.167],"y":[0]},"t":220,"s":[12]},{"t":270,"s":[0]}],"ix":10},"p":{"a":1,"k":[{"i":{"x":0.667,"y":1},"o":{"x":0.333,"y":0},"t":180,"s":[31.119600000000002,214.54620000000003,0],"to":[-1.667,10.333,0],"ti":[0,0,0]},{"i":{"x":0.667,"y":1},"o":{"x":0.333,"y":0},"t":220,"s":[25.1196,251.74620000000002,0],"to":[0,0,0],"ti":[-1.667,10.333,0]},{"t":270,"s":[31.119600000000002,214.54620000000003,0]}],"ix":2},"a":{"a":0,"k":[199.902,112.295,0],"ix":1},"s":{"a":1,"k":[{"i":{"x":[0.37,0.37,0.667],"y":[1,1,1]},"o":{"x":[0.167,0.167,0.167],"y":[0,0,0]},"t":1,"s":[-60,60,100]},{"i":{"x":[0.667,0.667,0.667],"y":[1,1,1]},"o":{"x":[0.627,0.627,0.333],"y":[0,0,0]},"t":39,"s":[-48,48,100]},{"i":{"x":[0.667,0.667,0.667],"y":[1,1,1]},"o":{"x":[0.333,0.333,0.333],"y":[0,0,0]},"t":80,"s":[-60,60,100]},{"i":{"x":[0.833,0.833,0.833],"y":[1,1,1]},"o":{"x":[0.333,0.333,0.333],"y":[0,0,0]},"t":180,"s":[-60,60,100]},{"i":{"x":[0.833,0.833,0.833],"y":[1,1,1]},"o":{"x":[0.167,0.167,0.167],"y":[0,0,0]},"t":220,"s":[-48,48,100]},{"t":270,"s":[-60,60,100]}],"ix":6}},"ao":0,"shapes":[{"ty":"gr","it":[{"ind":0,"ty":"sh","ix":1,"ks":{"a":0,"k":{"i":[[0,-68.932],[3.776,-11.889],[2.924,-5.809],[10.785,-10.088],[0,0],[0,0],[11.327,0],[0,68.932],[-42.657,19.847],[-1.666,0.677],[-16.866,0]],"o":[[0,13.148],[-1.975,6.273],[-6.661,13.321],[0,0],[0,0],[-10.417,2.827],[-68.932,0],[0,-50.15],[1.626,-0.755],[14.676,-6.08],[68.951,0]],"v":[[199.902,-37.167],[194.093,0.533],[186.715,18.656],[160.266,54.032],[166.946,112.295],[107.773,83.309],[75.069,87.666],[-49.745,-37.167],[22.479,-150.402],[27.436,-152.57],[75.069,-162]],"c":true},"ix":2},"nm":"Path 1","mn":"ADBE Vector Shape - Group","hd":false},{"ty":"fl","c":{"a":0,"k":[0.9882352941176471,0.3764705882352941,0.4627450980392157,1],"ix":4},"o":{"a":0,"k":100,"ix":5},"r":1,"bm":0,"nm":"Fill 1","mn":"ADBE Vector Graphic - Fill","hd":false},{"ty":"tr","p":{"a":0,"k":[0,0],"ix":2},"a":{"a":0,"k":[0,0],"ix":1},"s":{"a":0,"k":[100,100],"ix":3},"r":{"a":0,"k":0,"ix":6},"o":{"a":0,"k":100,"ix":7},"sk":{"a":0,"k":0,"ix":4},"sa":{"a":0,"k":0,"ix":5},"nm":"Transform"}],"nm":"Group 1","np":2,"cix":2,"bm":0,"ix":1,"mn":"ADBE Vector Group","hd":false}],"ip":219,"op":374,"st":0,"bm":0},{"ddd":0,"ind":6,"ty":4,"nm":"green","sr":1,"ks":{"o":{"a":0,"k":100,"ix":11},"r":{"a":1,"k":[{"i":{"x":[0.326],"y":[1]},"o":{"x":[0.333],"y":[0]},"t":80,"s":[0]},{"i":{"x":[0.667],"y":[1]},"o":{"x":[0.645],"y":[0]},"t":130,"s":[-17]},{"i":{"x":[0.833],"y":[1]},"o":{"x":[0.333],"y":[0]},"t":180,"s":[0]},{"i":{"x":[0.667],"y":[1]},"o":{"x":[0.167],"y":[0]},"t":220,"s":[12]},{"t":270,"s":[0]}],"ix":10},"p":{"a":1,"k":[{"i":{"x":0.667,"y":1},"o":{"x":0.333,"y":0},"t":180,"s":[31.119600000000002,214.54620000000003,0],"to":[-1.667,10.333,0],"ti":[0,0,0]},{"i":{"x":0.667,"y":1},"o":{"x":0.333,"y":0},"t":220,"s":[25.1196,251.74620000000002,0],"to":[0,0,0],"ti":[-1.667,10.333,0]},{"t":270,"s":[31.119600000000002,214.54620000000003,0]}],"ix":2},"a":{"a":0,"k":[199.902,112.295,0],"ix":1},"s":{"a":1,"k":[{"i":{"x":[0.37,0.37,0.667],"y":[1,1,1]},"o":{"x":[0.167,0.167,0.167],"y":[0,0,0]},"t":1,"s":[-60,60,100]},{"i":{"x":[0.667,0.667,0.667],"y":[1,1,1]},"o":{"x":[0.627,0.627,0.333],"y":[0,0,0]},"t":39,"s":[-48,48,100]},{"i":{"x":[0.667,0.667,0.667],"y":[1,1,1]},"o":{"x":[0.333,0.333,0.333],"y":[0,0,0]},"t":80,"s":[-60,60,100]},{"i":{"x":[0.833,0.833,0.833],"y":[1,1,1]},"o":{"x":[0.333,0.333,0.333],"y":[0,0,0]},"t":180,"s":[-60,60,100]},{"i":{"x":[0.833,0.833,0.833],"y":[1,1,1]},"o":{"x":[0.167,0.167,0.167],"y":[0,0,0]},"t":220,"s":[-48,48,100]},{"t":270,"s":[-60,60,100]}],"ix":6}},"ao":0,"shapes":[{"ty":"gr","it":[{"ind":0,"ty":"sh","ix":1,"ks":{"a":0,"k":{"i":[[0,-68.932],[3.776,-11.889],[2.924,-5.809],[10.785,-10.088],[0,0],[0,0],[11.327,0],[0,68.932],[-42.657,19.847],[-1.666,0.677],[-16.866,0]],"o":[[0,13.148],[-1.975,6.273],[-6.661,13.321],[0,0],[0,0],[-10.417,2.827],[-68.932,0],[0,-50.15],[1.626,-0.755],[14.676,-6.08],[68.951,0]],"v":[[199.902,-37.167],[194.093,0.533],[186.715,18.656],[160.266,54.032],[166.946,112.295],[107.773,83.309],[75.069,87.666],[-49.745,-37.167],[22.479,-150.402],[27.436,-152.57],[75.069,-162]],"c":true},"ix":2},"nm":"Path 1","mn":"ADBE Vector Shape - Group","hd":false},{"ty":"fl","c":{"a":0,"k":[0.9882352941176471,0.3764705882352941,0.4627450980392157,1],"ix":4},"o":{"a":0,"k":100,"ix":5},"r":1,"bm":0,"nm":"Fill 1","mn":"ADBE Vector Graphic - Fill","hd":false},{"ty":"tr","p":{"a":0,"k":[0,0],"ix":2},"a":{"a":0,"k":[0,0],"ix":1},"s":{"a":0,"k":[100,100],"ix":3},"r":{"a":0,"k":0,"ix":6},"o":{"a":0,"k":100,"ix":7},"sk":{"a":0,"k":0,"ix":4},"sa":{"a":0,"k":0,"ix":5},"nm":"Transform"}],"nm":"Group 1","np":2,"cix":2,"bm":0,"ix":1,"mn":"ADBE Vector Group","hd":false}],"ip":0,"op":131,"st":0,"bm":0},{"ddd":0,"ind":7,"ty":0,"nm":"Hovering Dots","parent":9,"refId":"comp_0","sr":0.5,"ks":{"o":{"a":0,"k":100,"ix":11},"r":{"a":0,"k":0,"ix":10},"p":{"a":0,"k":[75.078,-24.852,0],"ix":2},"a":{"a":0,"k":[400,400,0],"ix":1},"s":{"a":0,"k":[30,30,100],"ix":6}},"ao":0,"w":800,"h":800,"ip":0,"op":344,"st":0,"bm":0},{"ddd":0,"ind":8,"ty":4,"nm":"blue 3","sr":1,"ks":{"o":{"a":0,"k":100,"ix":11},"r":{"a":1,"k":[{"i":{"x":[0.326],"y":[1]},"o":{"x":[0.333],"y":[0]},"t":80,"s":[0]},{"i":{"x":[0.667],"y":[1]},"o":{"x":[0.645],"y":[0]},"t":130,"s":[15]},{"i":{"x":[0.833],"y":[1]},"o":{"x":[0.333],"y":[0]},"t":180,"s":[0]},{"i":{"x":[0.667],"y":[1]},"o":{"x":[0.167],"y":[0]},"t":220,"s":[12]},{"t":270,"s":[0]}],"ix":10},"p":{"a":1,"k":[{"i":{"x":0.667,"y":0.667},"o":{"x":0.333,"y":0.333},"t":130,"s":[272.9196,248.7462,0],"to":[0,0,0],"ti":[0,0,0]},{"i":{"x":0.667,"y":1},"o":{"x":0.333,"y":0},"t":180,"s":[272.9196,248.7462,0],"to":[1.667,-10.333,0],"ti":[0,0,0]},{"i":{"x":0.667,"y":1},"o":{"x":0.333,"y":0},"t":220,"s":[278.91959999999995,211.5462,0],"to":[0,0,0],"ti":[1.667,-10.333,0]},{"t":270,"s":[272.9196,248.7462,0]}],"ix":2},"a":{"a":0,"k":[199.902,112.295,0],"ix":1},"s":{"a":1,"k":[{"i":{"x":[0.37,0.37,0.667],"y":[1,1,1]},"o":{"x":[0.333,0.333,0.333],"y":[0,0,0]},"t":1,"s":[60,60,100]},{"i":{"x":[0.667,0.667,0.667],"y":[1,1,1]},"o":{"x":[0.627,0.627,0.333],"y":[0,0,0]},"t":39,"s":[48,48,100]},{"i":{"x":[0.667,0.667,0.667],"y":[1,1,1]},"o":{"x":[0.333,0.333,0.333],"y":[0,0,0]},"t":80,"s":[60,60,100]},{"i":{"x":[0.833,0.833,0.833],"y":[1,1,1]},"o":{"x":[0.333,0.333,0.333],"y":[0,0,0]},"t":180,"s":[60,60,100]},{"i":{"x":[0.833,0.833,0.833],"y":[1,1,1]},"o":{"x":[0.167,0.167,0.167],"y":[0,0,0]},"t":220,"s":[48,48,100]},{"t":270,"s":[60,60,100]}],"ix":6}},"ao":0,"shapes":[{"ty":"gr","it":[{"ind":0,"ty":"sh","ix":1,"ks":{"a":0,"k":{"i":[[0,-68.932],[3.776,-11.889],[2.924,-5.809],[10.785,-10.088],[0,0],[0,0],[11.327,0],[0,68.932],[-42.657,19.847],[-1.666,0.677],[-16.866,0]],"o":[[0,13.148],[-1.975,6.273],[-6.661,13.321],[0,0],[0,0],[-10.417,2.827],[-68.932,0],[0,-50.15],[1.626,-0.755],[14.676,-6.08],[68.951,0]],"v":[[199.902,-37.167],[194.093,0.533],[186.715,18.656],[160.266,54.032],[166.946,112.295],[107.773,83.309],[75.069,87.666],[-49.745,-37.167],[22.479,-150.402],[27.436,-152.57],[75.069,-162]],"c":true},"ix":2},"nm":"Path 1","mn":"ADBE Vector Shape - Group","hd":false},{"ty":"fl","c":{"a":0,"k":[1,0.6039215686274509,0.26666666666666666,1],"ix":4},"o":{"a":0,"k":100,"ix":5},"r":1,"bm":0,"nm":"Fill 1","mn":"ADBE Vector Graphic - Fill","hd":false},{"ty":"tr","p":{"a":0,"k":[0,0],"ix":2},"a":{"a":0,"k":[0,0],"ix":1},"s":{"a":0,"k":[100,100],"ix":3},"r":{"a":0,"k":0,"ix":6},"o":{"a":0,"k":100,"ix":7},"sk":{"a":0,"k":0,"ix":4},"sa":{"a":0,"k":0,"ix":5},"nm":"Transform"}],"nm":"Group 1","np":2,"cix":2,"bm":0,"ix":1,"mn":"ADBE Vector Group","hd":false}],"ip":219,"op":397,"st":0,"bm":0},{"ddd":0,"ind":9,"ty":4,"nm":"blue","sr":1,"ks":{"o":{"a":0,"k":100,"ix":11},"r":{"a":1,"k":[{"i":{"x":[0.326],"y":[1]},"o":{"x":[0.333],"y":[0]},"t":80,"s":[0]},{"i":{"x":[0.667],"y":[1]},"o":{"x":[0.645],"y":[0]},"t":130,"s":[15]},{"i":{"x":[0.833],"y":[1]},"o":{"x":[0.333],"y":[0]},"t":180,"s":[0]},{"i":{"x":[0.667],"y":[1]},"o":{"x":[0.167],"y":[0]},"t":220,"s":[12]},{"t":270,"s":[0]}],"ix":10},"p":{"a":1,"k":[{"i":{"x":0.667,"y":0.667},"o":{"x":0.333,"y":0.333},"t":130,"s":[272.9196,248.7462,0],"to":[0,0,0],"ti":[0,0,0]},{"i":{"x":0.667,"y":1},"o":{"x":0.333,"y":0},"t":180,"s":[272.9196,248.7462,0],"to":[1.667,-10.333,0],"ti":[0,0,0]},{"i":{"x":0.667,"y":1},"o":{"x":0.333,"y":0},"t":220,"s":[278.91959999999995,211.5462,0],"to":[0,0,0],"ti":[1.667,-10.333,0]},{"t":270,"s":[272.9196,248.7462,0]}],"ix":2},"a":{"a":0,"k":[199.902,112.295,0],"ix":1},"s":{"a":1,"k":[{"i":{"x":[0.37,0.37,0.667],"y":[1,1,1]},"o":{"x":[0.333,0.333,0.333],"y":[0,0,0]},"t":1,"s":[60,60,100]},{"i":{"x":[0.667,0.667,0.667],"y":[1,1,1]},"o":{"x":[0.627,0.627,0.333],"y":[0,0,0]},"t":39,"s":[48,48,100]},{"i":{"x":[0.667,0.667,0.667],"y":[1,1,1]},"o":{"x":[0.333,0.333,0.333],"y":[0,0,0]},"t":80,"s":[60,60,100]},{"i":{"x":[0.833,0.833,0.833],"y":[1,1,1]},"o":{"x":[0.333,0.333,0.333],"y":[0,0,0]},"t":180,"s":[60,60,100]},{"i":{"x":[0.833,0.833,0.833],"y":[1,1,1]},"o":{"x":[0.167,0.167,0.167],"y":[0,0,0]},"t":220,"s":[48,48,100]},{"t":270,"s":[60,60,100]}],"ix":6}},"ao":0,"shapes":[{"ty":"gr","it":[{"ind":0,"ty":"sh","ix":1,"ks":{"a":0,"k":{"i":[[0,-68.932],[3.776,-11.889],[2.924,-5.809],[10.785,-10.088],[0,0],[0,0],[11.327,0],[0,68.932],[-42.657,19.847],[-1.666,0.677],[-16.866,0]],"o":[[0,13.148],[-1.975,6.273],[-6.661,13.321],[0,0],[0,0],[-10.417,2.827],[-68.932,0],[0,-50.15],[1.626,-0.755],[14.676,-6.08],[68.951,0]],"v":[[199.902,-37.167],[194.093,0.533],[186.715,18.656],[160.266,54.032],[166.946,112.295],[107.773,83.309],[75.069,87.666],[-49.745,-37.167],[22.479,-150.402],[27.436,-152.57],[75.069,-162]],"c":true},"ix":2},"nm":"Path 1","mn":"ADBE Vector Shape - Group","hd":false},{"ty":"fl","c":{"a":0,"k":[1,0.6039215686274509,0.26666666666666666,1],"ix":4},"o":{"a":0,"k":100,"ix":5},"r":1,"bm":0,"nm":"Fill 1","mn":"ADBE Vector Graphic - Fill","hd":false},{"ty":"tr","p":{"a":0,"k":[0,0],"ix":2},"a":{"a":0,"k":[0,0],"ix":1},"s":{"a":0,"k":[100,100],"ix":3},"r":{"a":0,"k":0,"ix":6},"o":{"a":0,"k":100,"ix":7},"sk":{"a":0,"k":0,"ix":4},"sa":{"a":0,"k":0,"ix":5},"nm":"Transform"}],"nm":"Group 1","np":2,"cix":2,"bm":0,"ix":1,"mn":"ADBE Vector Group","hd":false}],"ip":0,"op":131,"st":0,"bm":0},{"ddd":0,"ind":10,"ty":0,"nm":"Hovering Dots","parent":6,"refId":"comp_0","sr":0.5,"ks":{"o":{"a":0,"k":100,"ix":11},"r":{"a":0,"k":0,"ix":10},"p":{"a":0,"k":[75.078,-24.852,0],"ix":2},"a":{"a":0,"k":[400,400,0],"ix":1},"s":{"a":0,"k":[30,30,100],"ix":6}},"ao":0,"w":800,"h":800,"ip":130,"op":220,"st":0,"bm":0},{"ddd":0,"ind":11,"ty":4,"nm":"green 2","sr":1,"ks":{"o":{"a":0,"k":100,"ix":11},"r":{"a":1,"k":[{"i":{"x":[0.326],"y":[1]},"o":{"x":[0.333],"y":[0]},"t":80,"s":[0]},{"i":{"x":[0.667],"y":[1]},"o":{"x":[0.645],"y":[0]},"t":130,"s":[-17]},{"i":{"x":[0.833],"y":[1]},"o":{"x":[0.333],"y":[0]},"t":180,"s":[0]},{"i":{"x":[0.667],"y":[1]},"o":{"x":[0.167],"y":[0]},"t":220,"s":[12]},{"t":270,"s":[0]}],"ix":10},"p":{"a":1,"k":[{"i":{"x":0.667,"y":1},"o":{"x":0.333,"y":0},"t":180,"s":[31.119600000000002,214.54620000000003,0],"to":[-1.667,10.333,0],"ti":[0,0,0]},{"i":{"x":0.667,"y":1},"o":{"x":0.333,"y":0},"t":220,"s":[25.1196,251.74620000000002,0],"to":[0,0,0],"ti":[-1.667,10.333,0]},{"t":270,"s":[31.119600000000002,214.54620000000003,0]}],"ix":2},"a":{"a":0,"k":[199.902,112.295,0],"ix":1},"s":{"a":1,"k":[{"i":{"x":[0.37,0.37,0.667],"y":[1,1,1]},"o":{"x":[0.167,0.167,0.167],"y":[0,0,0]},"t":1,"s":[-60,60,100]},{"i":{"x":[0.667,0.667,0.667],"y":[1,1,1]},"o":{"x":[0.627,0.627,0.333],"y":[0,0,0]},"t":39,"s":[-48,48,100]},{"i":{"x":[0.667,0.667,0.667],"y":[1,1,1]},"o":{"x":[0.333,0.333,0.333],"y":[0,0,0]},"t":80,"s":[-60,60,100]},{"i":{"x":[0.833,0.833,0.833],"y":[1,1,1]},"o":{"x":[0.333,0.333,0.333],"y":[0,0,0]},"t":180,"s":[-60,60,100]},{"i":{"x":[0.833,0.833,0.833],"y":[1,1,1]},"o":{"x":[0.167,0.167,0.167],"y":[0,0,0]},"t":220,"s":[-48,48,100]},{"t":270,"s":[-60,60,100]}],"ix":6}},"ao":0,"shapes":[{"ty":"gr","it":[{"ind":0,"ty":"sh","ix":1,"ks":{"a":0,"k":{"i":[[0,-68.932],[3.776,-11.889],[2.924,-5.809],[10.785,-10.088],[0,0],[0,0],[11.327,0],[0,68.932],[-42.657,19.847],[-1.666,0.677],[-16.866,0]],"o":[[0,13.148],[-1.975,6.273],[-6.661,13.321],[0,0],[0,0],[-10.417,2.827],[-68.932,0],[0,-50.15],[1.626,-0.755],[14.676,-6.08],[68.951,0]],"v":[[199.902,-37.167],[194.093,0.533],[186.715,18.656],[160.266,54.032],[166.946,112.295],[107.773,83.309],[75.069,87.666],[-49.745,-37.167],[22.479,-150.402],[27.436,-152.57],[75.069,-162]],"c":true},"ix":2},"nm":"Path 1","mn":"ADBE Vector Shape - Group","hd":false},{"ty":"fl","c":{"a":0,"k":[0.9882352941176471,0.3764705882352941,0.4627450980392157,1],"ix":4},"o":{"a":0,"k":100,"ix":5},"r":1,"bm":0,"nm":"Fill 1","mn":"ADBE Vector Graphic - Fill","hd":false},{"ty":"tr","p":{"a":0,"k":[0,0],"ix":2},"a":{"a":0,"k":[0,0],"ix":1},"s":{"a":0,"k":[100,100],"ix":3},"r":{"a":0,"k":0,"ix":6},"o":{"a":0,"k":100,"ix":7},"sk":{"a":0,"k":0,"ix":4},"sa":{"a":0,"k":0,"ix":5},"nm":"Transform"}],"nm":"Group 1","np":2,"cix":2,"bm":0,"ix":1,"mn":"ADBE Vector Group","hd":false}],"ip":130,"op":220,"st":0,"bm":0}],"markers":[{"tm":21,"cm":"1","dr":0},{"tm":130,"cm":"2","dr":0},{"tm":219,"cm":"3","dr":0}]}